Name,ID,Gender,Degree,Department,Year,Semester,Date and Time
Uzair Riasat,BEE203003,Male,BS,BSPHY,2018-22,Semester-5,2024-07-18 09:53:11
Abdul Moiz,BEE203024,Male,BS,BSEE,2020-24,Semester-8,2024-07-18 09:56:16
Abdul Moiz,BEE203024,Male,BS,BSEE,2020-24,Semester-8,2024-07-18 10:49:21
Uzair Riasat,BEE203003,Male,BS,BSPHY,2018-22,Semester-5,2024-07-18 11:59:06
Uzair Riasat,BEE203003,Male,BS,BSPHY,2018-22,Semester-5,2024-07-18 13:02:47
Uzair Riasat,BEE203003,Male,BS,BSPHY,2018-22,Semester-5,2024-07-18 13:04:09
Abdul Wahab,BEE203017,Male,BS,BSEE,2021-25,Semester-6,2024-07-18 13:07:26
Uzair Riasat,BEE203003,Male,BS,BSPHY,2018-22,Semester-5,2024-07-18 13:07:26
Abdul Wahab,BEE203017,Male,BS,BSEE,2021-25,Semester-6,2024-07-18 13:40:46
Uzair Riasat,BEE203003,Male,BS,BSPHY,2018-22,Semester-5,2024-07-18 13:41:42
