Name,ID,Gender,Degree,Department,Year,Semester,Date and Time
Uzair Riasat,BEE203003,Male,BS,BSPHY,2018-22,Semester-5,2024-07-23 12:09:14
Uzair Riasat,BEE203003,Male,BS,BSPHY,2018-22,Semester-5,2024-07-23 12:11:10
Abdul Ahad,BSP213037,Male,BS,BSPHY,2021-25,Semester-3,2024-07-23 12:11:56
Uzair Riasat,BEE203003,Male,BS,BSPHY,2018-22,Semester-5,2024-07-23 12:58:34
Abdul Ahad,BSP213037,Male,BS,BSPHY,2021-25,Semester-3,2024-07-23 12:58:58
Munam Abdullah,BEE203028,Male,BS,BSEE,2020-24,Semester-6,2024-07-23 18:24:11
Munam Abdullah,BEE203028,Male,BS,BSEE,2020-24,Semester-6,2024-07-23 23:19:20
Munam Abdullah,BEE203028,Male,BS,BSEE,2020-24,Semester-6,2024-07-23 23:31:43
