Name,ID,Gender,Degree,Department,Year,Semester,Date and Time
Munam Abdullah,BEE203028,Male,BS,BSEE,2020-24,Semester-6,2024-07-24 11:11:14
Uzair Riasat,BEE203003,Male,BS,BSPHY,2018-22,Semester-5,2024-07-24 11:11:14
Munam Abdullah,BEE203028,Male,BS,BSEE,2020-24,Semester-6,2024-07-24 11:15:09
Abdul Wahab,BEE203017,Male,BS,BSEE,2021-25,Semester-6,2024-07-24 11:15:09
Uzair Riasat,BEE203003,Male,BS,BSPHY,2018-22,Semester-5,2024-07-24 11:16:17
Abdul Moiz,BEE203024,Male,BS,BSEE,2020-24,Semester-8,2024-07-24 11:17:12
Munam Abdullah,BEE203028,Male,BS,BSEE,2020-24,Semester-6,2024-07-24 11:34:50
Uzair Riasat,BEE203003,Male,BS,BSPHY,2018-22,Semester-5,2024-07-24 11:37:54
Munam Abdullah,BEE203028,Male,BS,BSEE,2020-24,Semester-6,2024-07-24 11:37:57
Abdul Moiz,BEE203024,Male,BS,BSEE,2020-24,Semester-8,2024-07-24 11:38:27
Abdul Moiz,BEE203024,Male,BS,BSEE,2020-24,Semester-8,2024-07-24 11:39:27
Munam Abdullah,BEE203028,Male,BS,BSEE,2020-24,Semester-6,2024-07-24 11:43:04
